{"_timestamp":1.776252334353574e+09,"_step":59,"test_loss":0.9183563133239746,"test_accuracy":67.77,"_runtime":644,"_wandb":{"runtime":644},"round":50,"avg_local_loss":0.8816848272165747}