{"_step":329,"round":300,"avg_local_loss":0.6862656480282735,"_timestamp":1.7762677368290162e+09,"test_loss":1.541395012283325,"test_accuracy":55.58,"_wandb":{"runtime":4837},"_runtime":4837}