{"_runtime":13391,"avg_local_loss":0.5016828281518553,"test_loss":1.0018764764785766,"test_accuracy":66.15,"_timestamp":1.776224998009295e+09,"_step":19,"round":20,"_wandb":{"runtime":13391}}