{"_step":329,"test_loss":0.7470893815994263,"test_accuracy":73.77,"_wandb":{"runtime":4151},"_runtime":4151,"round":300,"avg_local_loss":0.42761194204116704,"_timestamp":1.7762635437195213e+09}