{"_runtime":29765,"_step":329,"round":300,"avg_local_loss":0.9069335799664259,"_timestamp":1.7762716891153398e+09,"test_loss":1.165110957813263,"test_accuracy":58.1,"_wandb":{"runtime":29765}}