{"_runtime":188,"_wandb":{"runtime":188},"_step":1,"round":2,"avg_local_loss":1.534391027635291,"_timestamp":1.776255288271124e+09}