{"_wandb":{"runtime":1025},"_runtime":1025,"_step":89,"round":82,"avg_local_loss":0.7697943951104097,"_timestamp":1.7762592759971228e+09,"test_accuracy":41.64,"test_loss":3.2291735466003417}