{"_timestamp":1.776305853047107e+09,"_runtime":569,"_wandb":{"runtime":569},"_step":1,"round":2,"avg_local_loss":1.4077518048542965}