{"_timestamp":1.7760795093651338e+09,"_step":8,"round":9,"avg_local_loss":0.4676558538927639,"test_loss":2.2991378673553466,"test_accuracy":12.18,"_wandb":{"runtime":371},"_runtime":371}