{"_wandb":{"runtime":1278},"_runtime":1278,"round":300,"avg_local_loss":0.7352515079081059,"_timestamp":1.776269972398894e+09,"_step":329,"test_loss":1.1842693853378297,"test_accuracy":62.21}