{"avg_local_loss":0.6811684313330864,"_timestamp":1.7762549760883658e+09,"test_loss":1.1966781059265137,"test_accuracy":60.02,"_wandb":{"runtime":1742},"_runtime":1742,"_step":131,"round":120}