{"round":50,"avg_local_loss":0.6487333120106396,"_runtime":893,"_wandb":{"runtime":893},"test_loss":1.0224924947738647,"test_accuracy":64.69,"_timestamp":1.7762410873106322e+09,"_step":49}