{"_timestamp":1.776239303130871e+09,"_wandb":{"runtime":1894},"_runtime":1894,"_step":19,"round":20,"avg_local_loss":0.7183068370363043,"test_loss":1.4062240914344788,"test_accuracy":55.57}