{"_step":329,"test_loss":1.0318044764518737,"test_accuracy":68.35,"_wandb":{"runtime":4102},"_runtime":4102,"round":300,"avg_local_loss":0.3023915676413126,"_timestamp":1.776246192731415e+09}