{"_timestamp":1.7762550448346884e+09,"_step":0,"_wandb":{"runtime":29},"_runtime":29,"round":1,"avg_local_loss":1.4941741518467113}