{"avg_local_loss":1.4164849944129774,"_timestamp":1.7763052594640956e+09,"_step":8,"_wandb":{"runtime":1086},"_runtime":1086,"round":9}