{"_step":9,"round":10,"avg_local_loss":0.1400485740265138,"test_loss":0.046025802363703044,"_wandb":{"runtime":442},"_runtime":442,"test_accuracy":98.53,"_timestamp":1.7760800176350021e+09}