{"_wandb":{"runtime":533},"_runtime":533,"avg_local_loss":0.5593586885305851,"_timestamp":1.776255814365317e+09,"_step":5,"round":6}